word,score
multimc,98.52802127028394
workstations,96.50069572974313
gamerule,94.06790508109414
puth,93.2569748648778
thenameseeker,90.82418421622882
minecrafters,90.82418421622882
israphel,90.82418421622882
netherrack,90.0132540000125
xboxmicrosoft,9.731162594595945
visibleancient,9.731162594595945
tunnelmining,9.731162594595945
thiiiink,9.731162594595945
stal,9.731162594595945
specular,9.731162594595945
skinpack,9.731162594595945
retexturing,9.731162594595945
redstoner,9.731162594595945
probrem,9.731162594595945
preformance,9.731162594595945
oauth,9.731162594595945
modcurios,9.731162594595945
memoryleakfix,9.731162594595945
krypton,9.731162594595945
hotbars,9.731162594595945
epoll,9.731162594595945
consoletv,9.731162594595945
concretepowder,9.731162594595945
agnes,9.731162594595945
