subreddit,over_18,avg(score)
ClashOfClans,False,54.206141052294896
ClashOfClans,True,25.969026548672566
DestinyTheGame,False,70.31172301375233
DestinyTheGame,True,82.64901960784314
DnD,False,108.43445801545434
DnD,True,332.4688612099644
FIFA,False,18.026287017765622
FIFA,True,17.48153214774282
Minecraft,False,191.88655365839915
Minecraft,True,110.70809095716552
Terraria,False,179.28953529411766
Terraria,True,576.7504244482174
Warthunder,False,93.92706226933505
Warthunder,True,158.91777188328913
halo,False,124.8712862017646
halo,True,243.5789923142613
leagueoflegends,False,102.1740160022963
leagueoflegends,True,70.89846641988366
pokemon,False,184.73275645236978
pokemon,True,251.62433862433863
